ymd	no	display_link	title	link	snippet
20200624	1	diamond.jp	痩せないのは「ダイエット5つの基本」ができていないからだ | ストレス ...	https://diamond.jp/articles/-/150807	2017年11月27日 ... 糖質制限、断食、単品ダイエットなど様々なダイエットが毎年提唱され、流行しては廃れていきます。廃れる理由は、「飽きてしまうから」「継続が難しいから」などでしょう。流行に乗って一時的に痩せるのでは意味がありません。そこで今回、 ...
20200624	2	ja.wikipedia.org	ダイエット - Wikipedia	https://ja.wikipedia.org/wiki/%E3%83%80%E3%82%A4%E3%82%A8%E3%83%83%E3%83%88	ダイエット( 英語: diet )とは、. 「ヒトや動物が普段から習慣的に食べているもの」「身体を細くしたい、体重を減らしたい、とする理由や、医学上の理由から、食事の内容を制限する」こと。 一般には「体重を減らしたり、身体を細くするために実践する食事制限」という ...
20200624	3	housefoods-group.com	痩せスピードが加速！脂肪がメラメラ燃える朝ダイエットのすすめ	https://housefoods-group.com/activity/e-mag/magazine/74.html	理想のボディを手に入れるために不可欠な「運動」ですが、体を動かす「時間帯」まで気にしている人は少ないはず。しかし実は、ダイエットに最適な時間帯があることをご存知でしょうか？忙しい毎日、ダイエットは少しでも効率よく行いたいのが女性の本音！
20200624	4	www.homes.co.jp	【ホームズ】室内でできる簡単ダイエット10選！ ムリせず減量できた私の ...	https://www.homes.co.jp/life/cl-hobby/cm-beauty/15288/	2020年3月19日 ... このようなダイエットサプリやダイエットグッズの広告をよく見かけますが、実際に痩せられている人はどれくらいいるのでしょうか？ 私は、こういったサプリやグッズに手を伸ばすことなく、半年間で6キロ痩せることに成功しました。
20200624	5	247-workout.jp	ダイエット効果を最大化！痩せるために効率的な運動方法とは？｜24/7 ...	https://247-workout.jp/article/post-318/	効果的にダイエットを行い、リバウンドしにくい身体をつくるためには、食事制限と運動をバランスよく取り入れることが大切です。 食事制限と比較すると、運動では体重は減りにくいと感じることもあるかもしれませんが、適度な運動や筋トレによって健康的に痩せる ...
20200624	6	news.yahoo.co.jp	ダイエットの食事制限、やがて訪れる「飢餓感との戦い」40キロ減量の ...	https://news.yahoo.co.jp/articles/7d658261b21455b8c9df16ea814bb49bc33197c0	2020年6月10日 ... ベンチャー企業で激務を経験し、2015年には体重が115kgまで増加してしまった記者。転職などで環境が変化した5年後の2019年、合計40kgのダイエットに成功しました。転機となったのは、ダイエット.
20200624	7	www.womenshealthmag.com	Diet（ダイエット）の記事一覧｜Women's Health（ウィメンズヘルス）	https://www.womenshealthmag.com/jp/diet/	体重を無理に減らすのではなく、ほどよく筋肉がついた、しなやかな女性らしい体がウィメンズヘルスの理想。そのために知っておきたいボディメイク術や、ダイエットにまつわるニュースもご紹介.
20200624	8	www.ci-labo.com	【保存版】ダイエット方法まとめ～あなたに効果的な痩せ方とは～	https://www.ci-labo.com/item/supplement/diet/article/00000064/	ダイエット方法は大きく分けると2つになりますが、基本的な考え方は「摂取カロリー＜消費カロリー」になることで皮下脂肪を減らしていくことになります。 摂取カロリーを減らす食事系ダイエット法. 食事から体に蓄えるカロリーを減らすことで体重を落とす方法です。「 ...
20200624	9	note.com	「#ダイエット」の新着タグ記事一覧｜note ――つくる、つながる、とどける。	https://note.com/hashtag/%E3%83%80%E3%82%A4%E3%82%A8%E3%83%83%E3%83%88	ダイエット中の女性や高齢者の方達が、ウォーキングなどの有酸素運動や、中にはジムでの筋トレに励む人達も。 実はダイエット、特に健康ダイエットの基本中の基本は 「基礎代謝のアップ 褐色脂肪」 にあります。 ダイエットに成功しても、97%の人はリバウンド ...
20200624	10	oggi.jp	【超簡単ダイエット】9選｜始めやすくて、続けやすい！ ズボラさんに ...	https://oggi.jp/192415	2018年3月24日 ... 【2018.6.4更新】ダイエットは食事に気をつけて運動もしないと痩せないことは分かっているけど、忙しいとジムも行けないし食事も毎日カロリーを気にして作るなんて大変ですよね。そこで、「〜するだけ」なすごく簡単なものから、話題の玉ねぎ ...
20200624	11	club.panasonic.jp	ダイエットナビコンテンツ終了のお知らせ | CLUB Panasonic（クラブ ...	https://club.panasonic.jp/info/diet.html	平素は、CLUB Panasonicをご愛顧いただきまことにありがとうございます。 ダイエットナビコンテンツは、2020年3月末をもちまして提供を終了させていただきました。 長らくのご愛顧まことにありがとうございました。
20200624	12	www.andgirl.jp	足をパカパカするだけのダイエットやってみた 脚とお腹が痩せる超簡単 ...	https://www.andgirl.jp/beauty/14859	2018年12月11日 ... ネットで話題の『足パカダイエット』。ヤセるって評判だけど、中には効果を感じないって声も。その実力を確かめるべく、読モと編集が実践。そしたら・・・めっちゃ効いた！正しく行えばガチで効果があるから、これをちゃんと読んで、みんなもやって ...
20200624	13	laurier.excite.co.jp	「痩せたいけど食べたい！」を解消！ダイエット中の【食べ過ぎ予防の ...	https://laurier.excite.co.jp/i/E1591111278703	2020年6月8日 ... ダイエット中の食事制限は、いくつか陥りがちなNGパターンがあります。まずは自分がNGパターンに当てはまっていないかどうか、セルフチェックをしてみましょう！ 1.摂取カロリーを減らし ...
20200624	14	www.youtube.com	【ダイエット】続くダイエット方法教えます【2ヶ月で-10kg】 - YouTube	https://www.youtube.com/watch?v=TX2Udly3b1Q	2020年6月16日 ... 【ダイエット】続くダイエット方法教えます【2ヶ月で-10kg】. エハラ家チャンネル. Loading... Unsubscribe from エハラ家チャンネル? Cancel Unsubscribe. Working... SubscribeSubscribedUnsubscribe 143K. Loading... Loading... Working.
20200624	15	cookpad.com	【みんなが作ってる】 ダイエットのレシピ 【クックパッド】 簡単おいしい ...	https://cookpad.com/search/%E3%83%80%E3%82%A4%E3%82%A8%E3%83%83%E3%83%88	ダイエットの簡単おいしいレシピ（作り方）が43597品! 「ダイエット☆豆腐炒飯」「夏バテ防止ダイエット豆腐」「減量中 金粉チョコレート」「ダイエットに！豆腐にカレー」など.
20200624	16	withnews.jp	ダイエットの運動「やった感」のワナ ムダだった？深夜の10キロラン	https://withnews.jp/article/f0200606005qq000000000000000W0bx10701qq000021287A	2020年6月6日 ... 転職などで環境が変化した5年後の2019年、合計40kgのダイエットに成功しました。様々なハードルがあった中でも、難しかったのは肥満症治療とリバウンド予防の要である運動です。
20200624	17	www.miss-paris.co.jp	夏までに痩せたいあなたへ本気のダイエットを紹介 | エステなら【エステ ...	https://www.miss-paris.co.jp/article/diet/5564/	効率良くダイエットをするために、有酸素運動と無酸素運動を組み合わせて行いましょう。 ウォーキングやランニングなどの有酸素運動は、脂肪を燃焼させてスリムな身体にするのに効果的といわれています。 同時に、短時間の運動強度の高い筋トレなどの無 ...
20200624	18	lulucos.jp	15kgダイエットに成功した管理栄養士の「食事制限」だけで痩せる11の ...	https://lulucos.jp/by-s/article/591904887294381690	2019年6月6日 ... 近年流行している糖質制限ダイエット。でも、やり方を間違えるとリバウンド、肌がボロボロ…なんてことになりかねない。そこで今回は、糖質制限で15kgダイエットに成功した管理栄養士の高杉保美（ほみ）さんに、毎日簡単に取り入れられる糖質 ...
20200624	19	www.asken.jp	あすけんダイエット｜トップページ	https://www.asken.jp/	太りにくい食習慣が身につくから、 リバウンドしにくく健康的なダイエットが続けられます。 食事を記録するだけで栄養士がアドバイス. 記録した食事から、栄養士があなただけのアドバイス。 摂取カロリーだけでなく14種類の栄養素の過不足がひとめでわかります。
20200624	20	www.amazon.co.jp	Amazon | ダイエットグッズ | ダイエットサプリ | 通販	https://www.amazon.co.jp/%E3%83%80%E3%82%A4%E3%82%A8%E3%83%83%E3%83%88/b?ie=UTF8&node=3396823051	ダイエットと一言でいっても、手段や目的、痩せたい部位は人それぞれ。さまざまなジャンル、タイプのダイエット商品を便利にわかりやすく紹介しています。 ダイエットストアは、最新のトレンドから、長年の ...
20200624	21	www.youtube.com	【痩せる方法】-12キロ本気ダイエット！！ - YouTube	https://www.youtube.com/watch?v=rjp_prRW7fc	2019年6月18日 ... 9月〜11月の間にダイエット再開して7キロ痩せました ○運動の時間帯は夜の18時〜22時の間でしてました 【上半身が華奢になる！猫背を簡単に治すストレッチ方法】 https://youtu.be/JvgGLy7oLUs 【数週間でウエストマイナス15cm】
20200624	22	www.dhc.co.jp	ダイエットならDHC	https://www.dhc.co.jp/goods/catop16.jsp	人気のプロティンダイエットや、ダイエットサプリ、サポート食品など、豊富なアイテムで理想のスタイルづくりをDHCがトータルサポート。
20200624	23	www.nibiohn.go.jp	リンクDEダイエット：世界の最新健康・栄養ニュース	https://www.nibiohn.go.jp/eiken/linkdediet/	サイト移転のお知らせリンクDEダイエットは新サイトに移転しました（現在表示中のものです）。旧サイトは終了しました。ご不明な点がございましたらeiken-office@nibiohn.go.jpまでお問合せください。 ニュースレター・一時休止ニュースレター（メールマガジン） ...
20200624	24	store.tavenal.com	ダイエットミール FIT FOOD HOME（フィットフードホーム）	https://store.tavenal.com/set/diet-meal	Diet Meal ダイエットミール. 栄養バランス. 低カロリー低糖質. たんぱく質 25~30g. 代謝アップ. 400kcalの低カロリー・糖質量25〜45gの低糖質でありながら、1食で必要な栄養素をバランスよく摂取できる完全食。食事を無理に制限することなく、緩やかに体重を ...
20200624	25	auctions.yahoo.co.jp	ダイエット (ビューティー、ヘルスケア) の中古品・新品・未使用品 - ヤフオク!	https://auctions.yahoo.co.jp/list3/26100-category.html	ダイエット、ビューティー、ヘルスケアならヤフオク!。圧倒的な商品数のネットオークションで の中古品、新品、未使用品、アウトレット品、訳あり品を最安値価格で落札して購入しよう！ 送料無料、手数料無料の商品もあります。不用品の処分には出品、買取が ...
20200624	26	tokusengai.com	【親指ダイエット】我慢しなくても自然に痩せる？大学教授が失敗を重ね ...	https://tokusengai.com/_ct/17284862	2020年4月27日 ... どんなダイエットでも開始直後は気合いが入ってるので、無意識のうちに食べる量を制限します。飽きるまでは多少なりとも体重が落ちるんです。それならば「ダイエットしてますねん」という感覚をできるだけ長くキープできれば、必ずやせられる ...
20200624	27	www.ginzamarukan.jp	ダイエット商品ラインナップ1＿銀座まるかん公式ホームページ	https://www.ginzamarukan.jp/g_diet/index.html	斎藤一人さん創業のまるかん、銀座まるかん公式ホームページ ダイエット商品ラインナップ.
20200624	28	sunnyhealth.com	ダイエット 食品なら | マイクロダイエット公式サイト	https://sunnyhealth.com/microdiet	MICRODIET ラインナップ. マイクロダイエットだからできる！ こだわりの安全・安心、高品質！ マイクロダイエットは、カロリーの主な原因となる糖質や脂質を抑え、タンパク質やビタミン、ミネラルなど体に必要な栄養素を効率良く補う「カロリーコントロール食品」 ...
20200624	29	ameblo.jp	気持ちダイエットメニュー | だいたひかるオフィシャルブログ Powered by ...	https://ameblo.jp/daitahikaru-blog/entry-12606393074.html	気持ちダイエットメニュー. NEW!2020-06-23 06:45:20. テーマ：: ブログ. 夫とは別メニューの晩ご飯です . これでも以前よりは帰りが早いのですが… 一般的には遅いですよね . 揚げ物は私は朝食べる事にして、. 今晩はヨーグルトにすりかえて… パスタは夫と ...
20200624	30	kinarino.jp	まずは“1週間”試してみよう 痩せ体質をつくる【ダイエット献立案＆レシピ ...	https://kinarino.jp/cat4-%E3%82%B0%E3%83%AB%E3%83%A1/34881-%E3%81%BE%E3%81%9A%E3%81%AF%E2%80%9C1%E9%80%B1%E9%96%93%E2%80%9D%E8%A9%A6%E3%81%97%E3%81%A6%E3%81%BF%E3%82%88%E3%81%86%E2%99%AA%E7%97%A9%E3%81%9B%E4%BD%93%E8%B3%AA%E3%82%92%E3%81%A4%E3%81%8F%E3%82%8B%E3%80%90%E3%83%80%E3%82%A4%E3%82%A8%E3%83%83%E3%83%88%E7%8C%AE%E7%AB%8B%E6%A1%88%EF%BC%86%E3%83%AC%E3%82%B7%E3%83%94%E3%80%91	2019年3月25日 ... 今まで「ダイエット」というとストイックに食べずに何キロか痩せて、「やった！痩せた！」と安心しその反動でリバウンドしてしまう…これを繰り返してきた方も多いのではないかと思います。今回は、食べる食材や食べ方をご紹介しつつ、食べて ...
20200624	31	nosh.jp	ダイエット｜noshセレクション｜【nosh-ナッシュ】ヘルシー・低糖質の食事 ...	https://nosh.jp/course/diet	NOSH SELECTIONダイエット. 体重が気になる方に、低糖質のメニューを毎週10食お届けします。 10食セット. ￥5,680（税別） 1週目はさらに¥500割引. 糖質: 平均8.6g. たんぱく質: 平均22.0g. 塩分: 平均2.1g. カロリー: 平均414kcal. ダイエットに大事なのは ...
20200624	32	www.e-healthnet.mhlw.go.jp	ダイエット | e-ヘルスネット（厚生労働省）	https://www.e-healthnet.mhlw.go.jp/information/dictionary/metabolic/ym-090.html	2019年6月12日 ... ダイエット » 食事の量を制限したり、エクササイズや運動をしたりして減量すること。 極端な摂取制限は、リバウンドの恐れがあるだけでなく健康に害を及ぼす。
20200624	33	www.konami.com	【お腹やせメソッド】お腹やせダイエットのコツ！腹筋を鍛えてぽっこりお腹 ...	https://www.konami.com/sportsclub/method/fitness/onaka.html	ダイエットしたい方の多くがこのぽっこりお腹に悩んでらっしゃいますが、正しいトレーニングで腹筋を鍛えて、脂肪を落とすことで、ワンサイズ下のボトムもすっきり履けるようになります。 INDEX. 1． 実は効果が見えやすい？お腹のダイエット. 2．
20200624	34	mi-mollet.com	45歳主婦が20kgやせた「ガマンなし、運動なし」のダイエット法とは？ | mi ...	https://mi-mollet.com/articles/-/18529	2019年7月28日 ... 桃田ぶーこさんの著書『45歳、ぐーたら主婦の私が「デブあるある」をやめたら半年で20kgやせました！』より、「ガマンなし、運動なし」のダイエット法についてご紹介します。
20200624	35	www.biteki.com	ダイエット | 美的.com	https://www.biteki.com/tag/%E3%83%80%E3%82%A4%E3%82%A8%E3%83%83%E3%83%88	「 ダイエット 」のまとめです。「美しくなりたい」女性たちの願いを追及する美的公式サイト。「肌・心・体のキレイは自分で磨く」をテーマに美的本誌で活躍中の美容レポーターがプロの視点でコスメ・美容情報を発信します。
20200624	36	www.nishitanclinic.jp	ダイエット注射(GLP-1)【公式】にしたんクリニック	https://www.nishitanclinic.jp/glp1/	痩せホルモンを毎日体内に取り込むだけで、体質を改善して自然にダイエットできるのがにしたんクリニックの「ダイエット注射(GLP-1)」です。このGLP-1の分泌量が多いと食欲が抑えられ、脂肪が分解しやすいので太りにくく痩せやすいと言われています。
20200624	37	nlab.itmedia.co.jp	体重140キロから68.5キロまでダイエットしたイケメンに「本気を出せば人 ...	https://nlab.itmedia.co.jp/nl/articles/2004/17/news156.html	2020年4月17日 ... 体重140キロからダイエットに挑んだ男性が、1年以内に体重を約半分まで減らすことに成功したとTwitterで報告し、「本気を出せば人はここまで変わるのか」「すごい」と大きな反響を呼んでいます。ご本人を取材しました。 大幅なダイエットに ...
20200624	38	www9.nhk.or.jp	まさか！ダイエットが引き起こす肝臓の悲劇 - NHK ガッテン！	http://www9.nhk.or.jp/gatten/articles/20161012/index.html	2016年10月12日 ... ダイエット経験者にお伝えしたい！減量が肝臓に深刻な異変を起こすことがあることを。この異変で糖尿病の危険が高まったり、肝硬変や肝臓がんの危険性まで！驚きの新事実です。健康や美容のためのダイエットがなぜ肝.
20200624	39	rocketnews24.com	【ダイエット企画】コロナを言い訳に7キロ太りました / 第1回「ブタ、動きます ...	https://rocketnews24.com/2020/06/20/1384144/	【ダイエット企画】コロナを言い訳に7キロ太りました / 第1回「ブタ、動きます」始動. P.K.サンジュン 3日前. どうもみなさん、こんにちは、こんばんは。ロケッ……と言いたいところだが、もしかしたら私、P.K.サンジュンに人間の言葉で挨拶を交わす資格はないのかも ...
20200624	40	dietclub.jp	ダイエットクラブ - 15万人参加！日本最大級のダイエットSNS	https://dietclub.jp/	ダイエットが続かないと悩んでいませんか？ダイエットクラブはそんな悩みを解決！会員の9割以上が女性！楽しいダイエットSNS！同じ目的のユーザーが多く集まっているので、ダイエットブログで励まし合うだけで継続しやすくなり、ダイエット成功者が続出し ...
20200624	41	dietclub.jp	ダイエットクラブ - 15万人参加！日本最大級のダイエットSNS	https://dietclub.jp/	ダイエットが続かないと悩んでいませんか？ダイエットクラブはそんな悩みを解決！会員の9割以上が女性！楽しいダイエットSNS！同じ目的のユーザーが多く集まっているので、ダイエットブログで励まし合うだけで継続しやすくなり、ダイエット成功者が続出し ...
20200624	42	joshi-spa.jp	#金森式で10キロ痩せた。まさかの“脂ダイエット” 満腹レシピ | 女子SPA！	https://joshi-spa.jp/1014371	4 日前 ... 夏も目前。緊急事態宣言が解消されたとはいえ、ここ数か月のステイホームによる「コロナ太り」にいまだ悩んでいる人も少なくないのでは。そんな悩みを「最速で解決してくれる！」と評判のダイエット理論があります…
20200624	43	macaro-ni.jp	実はとっても低カロリー。「うどんダイエット」で無理なく痩せたい ...	https://macaro-ni.jp/29850	2019年3月13日 ... うどんって、実はとても低カロリー。今回は、そんなうどんを使ったダイエット方法をご紹介します。どんなやり方なのか、おすすめの具材は何か、どこに気をつけるべきかなどをまとめているので、ぜひ参考にしてみてくださいね。
20200624	44	search.rakuten.co.jp	【楽天市場】ダイエットの通販	https://search.rakuten.co.jp/search/mall/%E3%83%80%E3%82%A4%E3%82%A8%E3%83%83%E3%83%88/	楽天市場-「ダイエット」273831件 人気の商品を価格比較・ランキング･レビュー・口コミで検討できます。ご購入でポイント取得がお得。セール商品・送料無料商品も多数。「あす楽」なら翌日お届けも可能です。
20200624	45	matome.naver.jp	「ダイエット」の人気まとめ一覧 - NAVER まとめ	https://matome.naver.jp/topic/1Hio1	話題のダイエット方法や運動法、ダイエット体験談や成功の秘訣など、ダイエット全般に関する話題を集約したまとめ一覧ページ。ヘルシーな食事と適度な運度、シンプルな生活で健康的な体型を目指す事が主とされる。過剰な食事制限や過度な運動は体調不良 ...
20200624	46	apps.apple.com	‎「シンプル・ダイエット 〜 記録するだけ！かんたん体重管理 〜」をApp ...	https://apps.apple.com/jp/app/%E3%82%B7%E3%83%B3%E3%83%97%E3%83%AB-%E3%83%80%E3%82%A4%E3%82%A8%E3%83%83%E3%83%88-%E8%A8%98%E9%8C%B2%E3%81%99%E3%82%8B%E3%81%A0%E3%81%91-%E3%81%8B%E3%82%93%E3%81%9F%E3%82%93%E4%BD%93%E9%87%8D%E7%AE%A1%E7%90%86/id418785500	2020年5月5日 ... シンプル・ダイエット』は、とてもシンプルかつパワフルな体重管理アプリです。 いろいろなダイエット法を試してみても、長続きしなくて悩んでいませんか? 『シンプル・ダイエット』では、体重を毎日計って記録していくだけ。体重を入力して、グラフで ...
20200624	47	www.nii.ac.jp	データダイエットへの協力のお願い：遠隔授業を主催される先生方へ ...	https://www.nii.ac.jp/event/other/decs/tips.html	１６００万人の生徒・学生が、この世界的な災禍の中でも十分な学習ができるように、「データダイエット」に協力しましょう。 オンライン授業は通信量（データ量）が極力小さくなるように工夫しましょう。 空いた通信回線の容量は、 ...
20200624	48	www.rakuten.co.jp	【楽天市場】ダイエット・健康 |インターネット通販・オンラインショッピング	https://www.rakuten.co.jp/category/health/	2020年6月8日 ... ダイエット・健康食品・健康グッズの通販なら楽天市場。TV・雑誌で話題の人気ダイエット食品・健康食品・健康グッズが大集合！各種サプリ・デンタルケア・リラックス用品・安眠グッズ・矯正グッズなど豊富に取り揃え。口コミ・ランキング・各種 ...
20200624	49	cancam.jp	1日10分で脂肪燃焼！「なわとびダイエット」の効果がスゴい	https://cancam.jp/archives/568953	2018年5月27日 ... もうすぐ夏がやってきますね。夏といったら海などで水着を着たり、薄着になるので体のラインとか気になりますよね。夏までにダイエットを成功させたいと考えている人も多いのではないでしょうか。 そこで今回は、ダイエット食品を展開する ...
20200624	50	diet-kyoukai.com	日本ダイエット健康協会 | ダイエット関するあらゆる分野、そして基礎から ...	http://diet-kyoukai.com/	合格率をあげたい方にオススメ！！ 検定対策講座 受付中!!
20200624	51	www.tanita.co.jp	女性特有のホルモンバランスとダイエット｜タニタ	https://www.tanita.co.jp/health/detail/18	ダイエットに向いている時期はいつ？ 月経が終わるころ、「卵胞期」の初期では気持ちが安定し、からだが軽く感じられ、肌や髪の潤いを実感しますが、これは女性ホルモン「エストロゲン（卵胞ホルモン）」の分泌が増えるためです。 エストロゲンは、排卵と妊娠への ...
20200624	52	esse-online.jp	だし×お酢でダイエット。はんにゃ川島が14kgやせたレシピ | ESSEonline ...	https://esse-online.jp/health/233390	2020年6月7日 ... 大病をきっかけにダイエットを決意したお笑い芸人、はんにゃの川島章良さん。おいしく食べてやせる方法を考え、たどり着いた“だしダイエット”を『はんにゃ川島の魔法のだしパックダイエット』（扶桑社刊）にまとめて出版し、話題になりました。
20200624	53	tamachanshop.jp	みらいの完全栄養食ダイエット【お得な定期コース】 | タマチャンショップ ...	https://tamachanshop.jp/online/201911/14595	みらいの完全栄養食ダイエット【お得な定期コース】 | タマチャンショップ 公式オンラインストア｜タマチャンショップは毎日の食事で体の中から健康・美容・ダイエットを目指す方への自然食品ショップ！グルメ、マンゴー、雑穀米、健康茶、温泉水、宮崎牛、自然 ...
20200624	54	ranking.rakuten.co.jp	【楽天市場】ダイエット・健康 | 人気ランキング1位～（売れ筋商品）	https://ranking.rakuten.co.jp/daily/100938/	楽天ランキング－「ダイエット・健康」の人気商品ランキング！口コミ（レビュー）も多数。今、売れている商品はコレ！話題の最新トレンドをリアルタイムにチェック。価格別、年代別、男女別の週間･月間ランキングであなたの欲しい！がきっと見つかります。
20200624	55	www.diet-center.jp	ダイエットをするならミスパリ ダイエットセンター	https://www.diet-center.jp/	やせる専門店ミスパリ ダイエットセンター。全身・お腹やせ、足やせ、二の腕やせなど多彩なコース。
20200624	56	www.hills.co.jp	ヒルズのサイエンス・ダイエット｜ヒルズペット	https://www.hills.co.jp/science-diet	ヒルズのサイエンス・ダイエットのドッグフード、キャットフードをご紹介します。ペットのライフステージやライフスタイル、健康ニーズに合わせて栄養を調整したプレミアム・ペットフードです。
20200624	57	www.tenpo.biz	もち麦ご飯ダイエット1ヵ月！もち麦のカロリーと栄養価、健康効果・効能と ...	https://www.tenpo.biz/tentsu/entry/2019/05/16/100000	2019年5月16日 ... もち麦ごはんダイエットの効果・効能とカロリー、栄養価とは。もちむぎは糖質への効果、食物繊維と便秘解消効果があるため、もち麦を1ヵ月間食べ続けて検証したところ、4.7kgの減量に成功しました。もち麦の茹で方・炊き方、食べ方、もち麦と ...
20200624	58	www.dietandbeauty.jp	ダイエット＆ビューティーフェア	https://www.dietandbeauty.jp/	ダイエット＆ビューティーフェア、アンチエイジング ジャパン、スパ＆ウエルネス ジャパンは、美と健康をテーマに、化粧品・美容機器・健康器具等の業界のプロが集結するビジネス展示会です。商談だけでなく、セミナーやアワードなども併催。業界関係者必見の ...
20200624	59	www.rizap.jp	短期間でダイエットしたいなら肉体改造ジムRIZAP 【ライザップ】	https://www.rizap.jp/	RIZAP[ライザップ]はあなたの理想のカラダを作るプライベートジムです。パーソナルトレーナーがマンツーマンで指導します。プライベートな完全個室で実施いたしますので、人の目を気にせず安心してトレーニングいただけます。30日間全額返金保証制度あり.
20200624	60	beauty.hotpepper.jp	ダイエットステーション 横浜関内店｜ホットペッパービューティー	https://beauty.hotpepper.jp/kr/slnH000474686/	【ホットペッパービューティー】ダイエットステーション 横浜関内店のサロン情報。サロンの内外装、お得なクーポン、ブログ、口コミ、住所、電話番号など知りたい情報満載です。ホットペッパービューティーの24時間いつでもOKなネット予約を活用しよう！
20200624	61	www.meiji.co.jp	ヴァームダイエット | 商品情報 | VAAM | 株式会社 明治 - Meiji Co., Ltd.	https://www.meiji.co.jp/sports/vaam/product/vaamdiet.html	運動で体脂肪を燃やす17種類のアミノ酸バランス素材を配合した「ヴァームダイエット」の商品情報を紹介しています。スズメバチアミノ酸「V.A.A.M.」3000mgを配合しながら低カロリー化を実現した、ムダのないカラダづくりをサポートする飲料です。
20200624	62	croissant-online.jp	シンプルなルールで試しやすい。巷で噂の「16時間断食ダイエット ...	https://croissant-online.jp/health/113185/	2020年2月9日 ... 痩せるだけでなく免疫力アップやアンチエイジングにも有効。 医学的な効果も実証されている最新のダイエット法に、万年ダイエッター・漫画家のナナイロペリカンさんが挑戦です。
20200624	63	dot.asahi.com	「ナッツ」にご用心！ 美容やダイエットの味方のはずが… (1/2) 〈週刊朝日 ...	https://dot.asahi.com/wa/2017071900017.html	2017年7月21日 ... 7月22日は、ナッツの日。ビールのつまみにしたり、サラダや炒め物に入れたり。おいしくて栄養バランスも良く、ナッツは夏バテ対策にも最適だ。ブームとはいえ、食べすぎにはご用心。というのも…...
20200624	64	c.nishinippon.co.jp	連載『賢くダイエット』（北折一さん）のダイエットシート | 西日本新聞販売局	http://c.nishinippon.co.jp/hanbai/2019/09/047201_post-13.shtml	連載『賢くダイエット』（北折一さん）のダイエットシート. 西日本新聞朝刊で好評連載中の「賢くダイエット」を執筆する北折一さんが考案し、人気テレビ番組「ためしてガッテン」でも紹介したものを元に、改良を加えたダイエットシートを公開中です。 ダウンロードは ...
20200624	65	www.sendenkaigi.com	言葉ダイエット | 宣伝会議オンライン	https://www.sendenkaigi.com/books/idea/20179	2019年12月27日 ... つまり「言葉のダイエット」です。 目次. この本について 第1章 なぜあなたのメールや企画書、エントリーシートは読みにくいのか? なぜ ...
20200624	66	oceans-nadia.com	鶏ささみレシピ20選 | ダイエットの強い味方！カロリーの低い人気メニュー ...	https://oceans-nadia.com/user/10022/article/1659	2018年3月22日 ... ダイエット中の方にも、運動をする方にも人気の鶏ささみ。ちなみに、100gあたりの鶏肉の部位別のカロリー/たんぱく質の量は以下の通り。ささみ→105kcal/約23g、皮つき胸肉→145kcal/約21g、皮付きもも肉→204kcal/約17g！ 高たんぱく低 ...
20200624	67	otona-diet.jp	大人のダイエット研究所	http://otona-diet.jp/	「忙しい大人が無理なく痩せる」を目指し“美味しい×カラダにいい”を追求する、大人のためのダイエット研究所.
20200624	68	www.bellemaison.jp	ダイエット器具・健康グッズの通販｜ベルメゾンネット	https://www.bellemaison.jp/ep/srvlt/EPFB00/EPFB0002/dMidCatLstShow?BELN_SHOP_KBN=100&DAI_CATEGORY_ID=8	【5000円（税込）以上送料無料】ダイエット・健康・エクササイズ用品の通販ならベルメゾン。人気のダイエット・健康・エクササイズを豊富に取り揃え。ベルメゾンのダイエット・健康・エクササイズは種類多数！セール商品も品揃え.
20200624	69	mg.runtrip.jp	ランニングのメリットやダイエット効果を分かりやすく徹底解説します ...	https://mg.runtrip.jp/archives/9435	『ダイエット』という観点で見ると、一般的には、走れば走るほど体重が減っていくと考えられがちですが、実は、走った “距離” と “体重” の減少は比例しません。そのため、むやみに長い距離を走るのではなく、ランニングとダイエットの関係性を理解して、計画的に走る ...
20200624	70	www.kenkomayo.co.jp	事業所・子会社一覧| ケンコーマヨネーズ	https://www.kenkomayo.co.jp/company/office3	東北. 仙台支店; 関東ダイエットエッグ会津若松工場 ... 近畿. 関西販売本部; 京都支店; 神戸支店; 西日本工場; 神戸工場; 西神戸工場; 関西ダイエットクック; サラダカフェ本社. 中国・四国. 中四国販売本部; 岡山営業所; 高松営業所; ダイエットクックサプライ ...
20200624	71	mg.runtrip.jp	ランニングのメリットやダイエット効果を分かりやすく徹底解説します ...	https://mg.runtrip.jp/archives/9435	『ダイエット』という観点で見ると、一般的には、走れば走るほど体重が減っていくと考えられがちですが、実は、走った “距離” と “体重” の減少は比例しません。そのため、むやみに長い距離を走るのではなく、ランニングとダイエットの関係性を理解して、計画的に走る ...
20200624	72	www.kenkomayo.co.jp	事業所・子会社一覧| ケンコーマヨネーズ	https://www.kenkomayo.co.jp/company/office3	東北. 仙台支店; 関東ダイエットエッグ会津若松工場 ... 近畿. 関西販売本部; 京都支店; 神戸支店; 西日本工場; 神戸工場; 西神戸工場; 関西ダイエットクック; サラダカフェ本社. 中国・四国. 中四国販売本部; 岡山営業所; 高松営業所; ダイエットクックサプライ ...
20200624	73	point-g.rakuten.co.jp	ダイエットの食事制限、メニューの考え方と食べ方の基本【オリジナル ...	https://point-g.rakuten.co.jp/healthcare/articles/2020/diet_dietary_restrictions/	2020年4月20日 ... ダイエットをしよう！という時に、まず「食事制限」から取り組むという方も多いものです。 しかし、ストレスがたまるので「食事制限はできない！」という方もいらっしゃいます。 さらに、急激なダイエットで一時的に痩せても、その後リバウンドして ...
20200624	74	www.nisshin-oillio.com	日清ドレッシングダイエット｜調味料｜家庭用商品｜商品情報｜植物の ...	https://www.nisshin-oillio.com/products/goods/list.html?category=19	植物のチカラ 日清オイリオグループ（株）のホームページです。日本で初のサラダ油、「日清サラダ油」を製造・発売するなど、食用油のリーディングカンパニーとして常に技術力を活かした多彩な商品を提供しています。日清オイリオグループ（株）の企業情報、事業 ...
20200624	75	www.myprotein.jp	女性におすすめ！選べるダイエットセット｜ヨーロッパ売上No.1プロテイン ...	https://www.myprotein.jp/protein-diet-campaign/build-your-own-bundle-large.list	選べるダイエットセット！ 健康的に美しく、運動して痩せたい人にぴったりのセットが登場。 初心者の方やプロテインやサプリを飲み始めてみたいけど何を頼めばわからないという方におすすめです。 自分の目的や好みに応じて自分だけのセットを作ってみて。
20200624	76	www.diet-youki.jp	九都県市容器包装ダイエット宣言	https://www.diet-youki.jp/	九都県市容器包装ダイエット宣言 ～ ここでは、企業がチャレンジする容器包装の減量化の取組を紹介しています。
20200624	77	www.honeycoffee.com	7日間 脂肪燃焼ダイエット	http://www.honeycoffee.com/seven%20days%20diet.htm	このダイエットは、心臓外科手術の前に、安全に急速な減量を行うために用いられているそうです。 このダイエットは急速な脂肪燃焼を行います。 重要なのは体に取り入れるカロリーより多くのカロリーを燃焼させる ...
20200624	78	www.dcm-b.jp	ダダダダイエット forスゴ得|ドコモスゴ得コンテンツ	https://www.dcm-b.jp/cs/cpsite.html?id=01cpn086001	管理栄養士がサポートする究極のダイエットサイト☆最新ダイエット情報やツールが満載!,その他に厳選した100以上のコンテンツが使い放題。
20200624	79	www.excite.co.jp	いつの間にか痩せやすい体質に。無理なくダイエットを続ける【簡単ルール ...	https://www.excite.co.jp/news/article/ExnewsBeautynewstokyo_155976/	2020年6月9日 ... 夏に向けて「体を絞りたい！」とダイエットを始めてみたものの、体重は一朝一夕で落ちるものではありませんから、すでに「くじけそう…」という方も少なくないと思います。そこで参考にしたいのが、ヘルシー志向の高...
20200624	80	news.livedoor.com	ダイエット：ニュースまとめ【6/18更新】 - ライブドアニュース	https://news.livedoor.com/%E3%83%80%E3%82%A4%E3%82%A8%E3%83%83%E3%83%88/topics/keyword/8484/	ダイエットに関するニュース記事一覧。トピックスで扱われた注目ニュースを掲載しています。
20200624	81	community.camp-fire.jp	小山圭介のダイエット革命！ - CAMPFIRE (キャンプファイヤー)	https://community.camp-fire.jp/projects/view/209643	14年、2万人のダイエットサポートをしてきて思うのは、人は、「応援されるとやせる！」「励まされるとやせる！」「できなかった事ではなくてできた所を考えるとやせる！」です！やせるノウハウもお届けしますが、ボクは、皆様のダイエットを心から応援したいんです！
20200624	82	top.dhc.co.jp	大人気！おきかえダイエット食｜DHCプロティンダイエット	https://top.dhc.co.jp/shop/diet/proteindiet/about.html	減量者率95.5％の大人気おきかえダイエット食。おいしい＆驚きの満足感で、楽しく、健康的にカロリーコントロールできます。
20200624	83	www.tamanoi.co.jp	はちみつ黒酢ダイエット|プレゼントキャンペーン	http://www.tamanoi.co.jp/renaidrink/	はちみつ黒酢ダイエット中でHappyをつなげよう!抽選で幸せペアグッズプレゼント。甘酸っぱいはちみつ黒酢ダイエットで恋愛パワーをチャージ！
20200624	84	allabout.co.jp	[ダイエット] All About｜美しく痩せたい方のためのノウハウを紹介	https://allabout.co.jp/beautydiet/	話題のダイエット情報から、ダイエットのためのエクササイズやカロリー計算までを網羅したダイエット情報サイト.
20200624	85	www.nagano-matsushiro.or.jp	ダイエット科 | 診療科 | 長野松代総合病院	http://www.nagano-matsushiro.or.jp/dept/051_diet	長野県初となるダイエット科を2017年8月より立ち上げ、肥満症指導医を中心に、栄養科、リハビリテーション科、心療内科と連携し、集学的アプローチによる肥満症診療を開始しました。
20200624	86	www.kudonaika.com	工藤内科 l ダイエット・コレステロール外来	http://www.kudonaika.com/info/loss.html	ダイエット・コレステロール外来について. 年齢を重ねるとともに体重が落ちにくくなった、毎年の健康診断で体重が増えていっている、コレステロールが高いと言われている。 こういった方々のための外来です。「医学的根拠」に基づいた効果的かつ効率的な ...
20200624	87	www.dinos.co.jp	ダイエット・エクササイズ 通販 - ディノス	https://www.dinos.co.jp/c3/002004005/1a1/	ディノス(dinos）オンラインショップ、こちらは【ダイエット・エクササイズ】のカテゴリで、通販カタログやTVショッピングで紹介されている人気のダイエット・エクササイズを多数取り揃えています。ディノスなら代引手数料無料！初めてのお買い物でもれなく1000円 ...
20200624	88	clinic.haab.co.jp	【公式】痩身・ダイエット・小顔ならHAABビューティー南青山クリニック	https://clinic.haab.co.jp/	『HAABビューティークリニック名古屋院』は、栄駅より徒歩3分。厳選された美容医療施術で、お客様のご要望に合わせた最適な施術を診察カウンセリングでご提案。本院である『南青山HAABビューティークリニック』の美容皮膚科・美容内科・医療痩身・エステ ...
20200624	89	www.city.komatsu.lg.jp	小松市指定ごみダイエット袋について／小松市ホームページ	https://www.city.komatsu.lg.jp/soshiki/ecology_suishin/gomi_risaikuru/1169.html	2019年10月1日 ... 小松市指定ごみダイエット袋について. ごみ減量化リサイクル率向上に向けて. 小松市では、2020年度までに「ごみ減量化50％オフ（2008年度対比）」、2025年度までに「リサイクル率33％」を目標にしています。 家庭から出る一般ごみの中に ...
20200624	90	arima.co.jp	スーパーフード「デーツ」でダイエット！痩せる理由と注意点とは | ナッツラボ	https://arima.co.jp/nutslabo-blog/column/dates/2020/05/27/2052/	2020年5月28日 ... 日本ではナツメヤシとも呼ばれるこの食品は、ドライフルーツとして近年はスーパーやドラッグストアなど多くの場所で目にするようになってきました。 健康的な食品として注目が高まっているデーツは、ダイエット食品としても効果的であるということ ...
20200624	91	play.google.com	体重戦争：ダイエットヘルパー - Google Play のアプリ	https://play.google.com/store/apps/details?id=com.dencreak.weightwar&hl=ja	2020年5月7日 ... 体系的に体重管理をするのに役立つアプリです。 体重の記録を介してダイエットの進捗状況を表示してくれて成功したダイエットをすることを助けてくれるアプリです。 毎日の体重を入力して運動するかどうか、または飲酒などのチェックリストも ...
20200624	92	concierge.diet	ダイエットコンシェルジュ | パーソナルトレーニングジムの検索・予約・比較 ...	https://concierge.diet/	全国のパーソナルトレーニングジム・パーソナルトレーナーが見つかるパーソナルジム無料予約サービス。人気ランキング/トレーナーインタビュー/口コミ体験レポートなどダイエット情報も満載。当サイトから入会で対象者にはお祝い金を贈呈中！
20200624	93	www.brooks.co.jp	ダイエット食品 美穀菜(びこくさい)｜美容・健康食品通販 ブルックス ...	http://www.brooks.co.jp/bikokusai/	大人のためのダイエット食 美穀菜 目指せ!2ヶ月で-3kg. 金ごまきなこ・黒ごま・抹茶・あずき・コーヒー・ココア. 保存料・着色料不使用!1食で30品目撮れる! 1. ※1:一般モニター2か月平均-3kg｡本商品の飲用と適切なカロリー計算を行っています｡ 初回限定 今だけ!
20200624	94	nestle.jp	ピュリナ プロプラン ベテリナリーダイエット | 獣医師の指導のもと、ペットの ...	https://nestle.jp/brand/purina/proplanveterinarydiets/	「ピュリナ プロプラン ベテリナリーダイエット」は、特定の健康状態である犬や猫を、獣医師が栄養管理をするために開発されたペットフードです。
20200624	95	www.maff.go.jp	トータルダイエットスタディに関するガイドライン：農林水産省	https://www.maff.go.jp/j/syouan/seisaku/risk_analysis/tds/index.html	食品の安全を脅かす問題や事故を防ぐためには、対象とする危害要因について、人の健康に影響を及ぼす可能性や影響の程度（リスク）を推定し、必要に応じてリスクを小さくすることが重要です。 2．トータルダイエットスタディに関するガイドラインとは. リスクの推定 ...
20200624	96	gorilla.clinic	男性専門の痩身治療「ゴリラのメディカルダイエット」	https://gorilla.clinic/operation/diet/	男性専門の医療痩身なら「ゴリラのメディカルダイエット」。「GLP-1」「クールスカルプティング」「エムスカルプト」の３つの治療であなたのダイエットをプランニングします。銀座院で絶賛予約受付中。
20200624	97	www.asahi-gf.co.jp	朝食の栄養補給がポイント！ ダイエット中は、「たんぱく質」不足に気を ...	https://www.asahi-gf.co.jp/special/sus/column/column01.html	たんぱく質はこまめに摂取を. 健康的にダイエットするためには、やみくもなカロリー制限をせず、栄養バランスのとれた食事で筋肉量の減少 ...
20200624	98	hands.net	ダイエット・健康グッズ（329）	https://hands.net/cate/beauty-healthcare/diet/	東急ハンズの公式ネット通販「ハンズネット」へようこそ。ダイエット・健康グッズ のページではスタッフが厳選した人気のアイテムを多数取り揃えています。スマートフォン、タブレットからもご利用頂けます。
20200624	99	www.gohansaisai.com	炭水化物摂取ダイエット（森谷先生） 基礎編 | ごはん彩々（全米販）	https://www.gohansaisai.com/know/entry/detail.html?i=151	ごはんを食べて、正しいダイエットを！ 美しくやせるためには、むしろごはん積極的に摂る方がよい。 森谷敏夫京都大学名誉教授が ...
20200624	100	www.fancl.co.jp	ダイエットを応援 無添加化粧品・健康食品・サプリメント通販のファンケル ...	https://www.fancl.co.jp/healthy/List/0400/	サプリメント、ダイエットを応援について｜体内への効率にこだわった健康食品の通販なら≪公式サイト≫ファンケルオンライン。返品・交換 無期限保証で、安心してお買い求めいただけます。｜無添加化粧品、健康食品/サプリメントの通販ならファンケル ...
